{
    "perplejidad": 73.41184933448923,
    "ttr": 0.5340909090909091,
    "longitudMedia": 12.571428571428571,
    "porcentajeCierre": 100.0,
    "calidad": null,
    "longitudSecuencia": 50,
    "epocas": 30,
    "temperatura": 0.4,
    "dropout": 0.2
}