{
    "perplejidad": 79.74828650350932,
    "ttr": 0.6190476190476191,
    "longitudMedia": 12.0,
    "porcentajeCierre": 100.0,
    "calidad": null,
    "longitudSecuencia": 30,
    "epocas": 30,
    "temperatura": 0.4,
    "dropout": 0.2
}