{
    "perplejidad": 73.54036185366445,
    "ttr": 0.6710526315789473,
    "longitudMedia": 10.857142857142858,
    "porcentajeCierre": 100.0,
    "calidad": null,
    "longitudSecuencia": 30,
    "epocas": 30,
    "temperatura": 0.2,
    "dropout": 0.2
}