{
    "perplejidad": 33.658139095173446,
    "ttr": 0.5647058823529412,
    "longitudMedia": 12.142857142857142,
    "porcentajeCierre": 100.0,
    "calidad": null,
    "longitudSecuencia": 30,
    "epocas": 30,
    "temperatura": 0.4,
    "dropout": 0.0
}