{
    "perplejidad": 142.6380723164534,
    "ttr": 0.6835443037974683,
    "longitudMedia": 11.285714285714286,
    "porcentajeCierre": 100.0,
    "calidad": null,
    "longitudSecuencia": 30,
    "epocas": 60,
    "temperatura": 0.4,
    "dropout": 0.2
}