{
    "perplejidad": 34.91592368710154,
    "ttr": 0.6486486486486487,
    "longitudMedia": 10.571428571428571,
    "porcentajeCierre": 100.0,
    "calidad": null,
    "longitudSecuencia": 30,
    "epocas": 30,
    "temperatura": 0.4,
    "dropout": 0.5
}