{
    "perplejidad": 69.8674359340675,
    "ttr": 0.68,
    "longitudMedia": 10.714285714285714,
    "porcentajeCierre": 100.0,
    "calidad": null,
    "longitudSecuencia": 30,
    "epocas": 60,
    "temperatura": 0.4,
    "dropout": 0.2
}