{
    "perplejidad": 43.191494817798066,
    "ttr": 0.5064935064935064,
    "longitudMedia": 11.0,
    "porcentajeCierre": 100.0,
    "calidad": null,
    "longitudSecuencia": 30,
    "epocas": 15,
    "temperatura": 0.4,
    "dropout": 0.2
}