{
    "perplejidad": 74.91436728450117,
    "ttr": 0.5974025974025974,
    "longitudMedia": 11.0,
    "porcentajeCierre": 100.0,
    "calidad": null,
    "longitudSecuencia": 15,
    "epocas": 30,
    "temperatura": 0.4,
    "dropout": 0.2
}