{
    "perplejidad": 33.94147436258113,
    "ttr": 0.6538461538461539,
    "longitudMedia": 11.142857142857142,
    "porcentajeCierre": 100.0,
    "calidad": null,
    "longitudSecuencia": 30,
    "epocas": 30,
    "temperatura": 0.8,
    "dropout": 0.2
}