{
    "perplejidad": 34.02579526685314,
    "ttr": 0.6265060240963856,
    "longitudMedia": 11.857142857142858,
    "porcentajeCierre": 100.0,
    "calidad": null,
    "longitudSecuencia": 30,
    "epocas": 30,
    "temperatura": 0.4,
    "dropout": 0.2
}