{
    "perplejidad": 40.708372061059166,
    "ttr": 0.5975609756097561,
    "longitudMedia": 11.714285714285714,
    "porcentajeCierre": 100.0,
    "calidad": null,
    "longitudSecuencia": 30,
    "epocas": 30,
    "temperatura": 0.4,
    "dropout": 0.0
}