{
    "perplejidad": 68.49735946254913,
    "ttr": 0.6027397260273972,
    "longitudMedia": 10.428571428571429,
    "porcentajeCierre": 100.0,
    "calidad": null,
    "longitudSecuencia": 30,
    "epocas": 15,
    "temperatura": 0.4,
    "dropout": 0.2
}