{
    "perplejidad": 69.65254965157423,
    "ttr": 0.7272727272727273,
    "longitudMedia": 11.0,
    "porcentajeCierre": 100.0,
    "calidad": null,
    "longitudSecuencia": 30,
    "epocas": 60,
    "temperatura": 0.4,
    "dropout": 0.2
}