{
    "perplejidad": 31.81498273641937,
    "ttr": 0.6075949367088608,
    "longitudMedia": 11.285714285714286,
    "porcentajeCierre": 100.0,
    "calidad": null,
    "longitudSecuencia": 30,
    "epocas": 15,
    "temperatura": 0.4,
    "dropout": 0.2
}