{
    "perplejidad": 35.10779833973816,
    "ttr": 0.6842105263157895,
    "longitudMedia": 10.857142857142858,
    "porcentajeCierre": 100.0,
    "calidad": null,
    "longitudSecuencia": 15,
    "epocas": 30,
    "temperatura": 0.4,
    "dropout": 0.2
}