{
    "perplejidad": 35.07109680535561,
    "ttr": 0.6923076923076923,
    "longitudMedia": 11.142857142857142,
    "porcentajeCierre": 100.0,
    "calidad": null,
    "longitudSecuencia": 30,
    "epocas": 30,
    "temperatura": 0.4,
    "dropout": 0.0
}