{
    "perplejidad": 29.411852052648396,
    "ttr": 0.5862068965517241,
    "longitudMedia": 12.428571428571429,
    "porcentajeCierre": 100.0,
    "calidad": null,
    "longitudSecuencia": 30,
    "epocas": 30,
    "temperatura": 0.2,
    "dropout": 0.2
}