{
    "perplejidad": 73.5842083911022,
    "ttr": 0.6901408450704225,
    "longitudMedia": 10.142857142857142,
    "porcentajeCierre": 100.0,
    "calidad": null,
    "longitudSecuencia": 30,
    "epocas": 30,
    "temperatura": 0.8,
    "dropout": 0.2
}