{
    "perplejidad": 31.76450483850353,
    "ttr": 0.5180722891566265,
    "longitudMedia": 11.857142857142858,
    "porcentajeCierre": 100.0,
    "calidad": null,
    "longitudSecuencia": 30,
    "epocas": 30,
    "temperatura": 0.4,
    "dropout": 0.2
}