{
    "perplejidad": 83.71975537119876,
    "ttr": 0.6944444444444444,
    "longitudMedia": 10.285714285714286,
    "porcentajeCierre": 100.0,
    "calidad": null,
    "longitudSecuencia": 30,
    "epocas": 30,
    "temperatura": 0.4,
    "dropout": 0.0
}