{
    "perplejidad": 34.191348584887365,
    "ttr": 0.6056338028169014,
    "longitudMedia": 10.142857142857142,
    "porcentajeCierre": 100.0,
    "calidad": null,
    "longitudSecuencia": 30,
    "epocas": 30,
    "temperatura": 0.8,
    "dropout": 0.2
}