{
    "perplejidad": 31.653999336596538,
    "ttr": 0.6363636363636364,
    "longitudMedia": 11.0,
    "porcentajeCierre": 100.0,
    "calidad": null,
    "longitudSecuencia": 15,
    "epocas": 30,
    "temperatura": 0.4,
    "dropout": 0.2
}