{
    "perplejidad": 31.12886811753964,
    "ttr": 0.6046511627906976,
    "longitudMedia": 12.285714285714286,
    "porcentajeCierre": 100.0,
    "calidad": null,
    "longitudSecuencia": 50,
    "epocas": 30,
    "temperatura": 0.4,
    "dropout": 0.2
}