{
    "perplejidad": 37.516153303989725,
    "ttr": 0.647887323943662,
    "longitudMedia": 10.142857142857142,
    "porcentajeCierre": 100.0,
    "calidad": null,
    "longitudSecuencia": 30,
    "epocas": 30,
    "temperatura": 0.2,
    "dropout": 0.2
}