{
    "perplejidad": 24.099667594398472,
    "ttr": 0.48148148148148145,
    "longitudMedia": 11.571428571428571,
    "porcentajeCierre": 100.0,
    "calidad": null,
    "longitudSecuencia": 30,
    "epocas": 15,
    "temperatura": 0.4,
    "dropout": 0.2
}