{
    "perplejidad": 32.83578656072344,
    "ttr": 0.6721311475409836,
    "longitudMedia": 8.714285714285714,
    "porcentajeCierre": 100.0,
    "calidad": null,
    "longitudSecuencia": 30,
    "epocas": 30,
    "temperatura": 0.8,
    "dropout": 0.2
}