{
    "perplejidad": 29.26171684456109,
    "ttr": 0.5632183908045977,
    "longitudMedia": 12.428571428571429,
    "porcentajeCierre": 100.0,
    "calidad": null,
    "longitudSecuencia": 30,
    "epocas": 30,
    "temperatura": 0.4,
    "dropout": 0.5
}