{
    "perplejidad": 52.32226607547586,
    "ttr": 0.6666666666666666,
    "longitudMedia": 10.714285714285714,
    "porcentajeCierre": 100.0,
    "calidad": null,
    "longitudSecuencia": 30,
    "epocas": 60,
    "temperatura": 0.4,
    "dropout": 0.2
}