{
    "perplejidad": 35.55465705886029,
    "ttr": 0.5866666666666667,
    "longitudMedia": 10.714285714285714,
    "porcentajeCierre": 100.0,
    "calidad": null,
    "longitudSecuencia": 50,
    "epocas": 30,
    "temperatura": 0.4,
    "dropout": 0.2
}