{
    "perplejidad": 26.455499516551438,
    "ttr": 0.5822784810126582,
    "longitudMedia": 11.285714285714286,
    "porcentajeCierre": 100.0,
    "calidad": null,
    "longitudSecuencia": 30,
    "epocas": 30,
    "temperatura": 0.4,
    "dropout": 0.5
}