{
    "perplejidad": 37.48448508854814,
    "ttr": 0.6716417910447762,
    "longitudMedia": 9.571428571428571,
    "porcentajeCierre": 100.0,
    "calidad": null,
    "longitudSecuencia": 50,
    "epocas": 30,
    "temperatura": 0.4,
    "dropout": 0.2
}