{
    "perplejidad": 64.9354517405237,
    "ttr": 0.6455696202531646,
    "longitudMedia": 11.285714285714286,
    "porcentajeCierre": 100.0,
    "calidad": null,
    "longitudSecuencia": 30,
    "epocas": 30,
    "temperatura": 0.4,
    "dropout": 0.5
}