{
    "perplejidad": 35.5106976702876,
    "ttr": 0.618421052631579,
    "longitudMedia": 10.857142857142858,
    "porcentajeCierre": 100.0,
    "calidad": null,
    "longitudSecuencia": 30,
    "epocas": 30,
    "temperatura": 0.2,
    "dropout": 0.2
}